team1,team2,score1,score2,time_completed,round_info,tournament_name,match_page,tournament_icon
Team Heretics,SUMN FC,3,1,1y ago,Main Event-Grand Final,First Strike: Europe,/7101/team-heretics-vs-sumn-fc-first-strike-europe-main-event-gf,https://owcdn.net/img/5f8e73ec18ba4.png
SUMN FC,FunPlus Phoenix,2,1,1y ago,Main Event-Semifinals,First Strike: Europe,/7100/sumn-fc-vs-funplus-phoenix-first-strike-europe-main-event-sf,https://owcdn.net/img/5f8e73ec18ba4.png
Team Heretics,G2 Esports,2,1,1y ago,Main Event-Semifinals,First Strike: Europe,/7099/team-heretics-vs-g2-esports-first-strike-europe-main-event-sf,https://owcdn.net/img/5f8e73ec18ba4.png
FunPlus Phoenix,nolpenki,2,0,1y ago,Main Event-Quarterfinals,First Strike: Europe,/6872/funplus-phoenix-vs-nolpenki-first-strike-europe-main-event-qf,https://owcdn.net/img/5f8e73ec18ba4.png
SUMN FC,Purple Cobras,2,0,1y ago,Main Event-Quarterfinals,First Strike: Europe,/6871/sumn-fc-vs-purple-cobras-first-strike-europe-main-event-qf,https://owcdn.net/img/5f8e73ec18ba4.png
G2 Esports,Orgless,2,0,1y ago,Main Event-Quarterfinals,First Strike: Europe,/6870/g2-esports-vs-orgless-first-strike-europe-main-event-qf,https://owcdn.net/img/5f8e73ec18ba4.png
Team Liquid,Team Heretics,1,2,1y ago,Main Event-Quarterfinals,First Strike: Europe,/6869/team-liquid-vs-team-heretics-first-strike-europe-main-event-qf,https://owcdn.net/img/5f8e73ec18ba4.png
Team Heretics,Team Finest,2,0,1y ago,C/D Playoffs-Quarterfinals,First Strike: Europe,/6471/team-heretics-vs-team-finest-first-strike-europe-c-d-playoffs-qf,https://owcdn.net/img/5f8e73ec18ba4.png
Purple Cobras,need more DM,2,1,1y ago,C/D Playoffs-Quarterfinals,First Strike: Europe,/6470/purple-cobras-vs-need-more-dm-first-strike-europe-c-d-playoffs-qf,https://owcdn.net/img/5f8e73ec18ba4.png
Prodigy,L'institut,2,1,1y ago,C/D Playoffs-Quarterfinals,First Strike: Europe,/6469/prodigy-vs-linstitut-first-strike-europe-c-d-playoffs-qf,https://owcdn.net/img/5f8e73ec18ba4.png
nolpenki,Enterprise Esports,2,1,1y ago,C/D Playoffs-Quarterfinals,First Strike: Europe,/6468/nolpenki-vs-enterprise-esports-first-strike-europe-c-d-playoffs-qf,https://owcdn.net/img/5f8e73ec18ba4.png
Enterprise Esports,eXiLe eSports,13,5,1y ago,C/D Playoffs-Round of 16,First Strike: Europe,/6461/enterprise-esports-vs-exile-esports-first-strike-europe-c-d-playoffs-ro16,https://owcdn.net/img/5f8e73ec18ba4.png
Guild Esports,nolpenki,11,13,1y ago,C/D Playoffs-Round of 16,First Strike: Europe,/6460/guild-esports-vs-nolpenki-first-strike-europe-c-d-playoffs-ro16,https://owcdn.net/img/5f8e73ec18ba4.png
Prodigy,B7 Warriors,14,12,1y ago,C/D Playoffs-Round of 16,First Strike: Europe,/6462/prodigy-vs-b7-warriors-first-strike-europe-c-d-playoffs-ro16,https://owcdn.net/img/5f8e73ec18ba4.png
L'institut,HSDIRR,13,7,1y ago,C/D Playoffs-Round of 16,First Strike: Europe,/6463/linstitut-vs-hsdirr-first-strike-europe-c-d-playoffs-ro16,https://owcdn.net/img/5f8e73ec18ba4.png
Ninjas in Pyjamas,Purple Cobras,8,13,1y ago,C/D Playoffs-Round of 16,First Strike: Europe,/6464/ninjas-in-pyjamas-vs-purple-cobras-first-strike-europe-c-d-playoffs-ro16,https://owcdn.net/img/5f8e73ec18ba4.png
Wave Esports,need more DM,9,13,1y ago,C/D Playoffs-Round of 16,First Strike: Europe,/6465/wave-esports-vs-need-more-dm-first-strike-europe-c-d-playoffs-ro16,https://owcdn.net/img/5f8e73ec18ba4.png
Team Heretics,VASTA Gaming,13,5,1y ago,C/D Playoffs-Round of 16,First Strike: Europe,/6466/team-heretics-vs-vasta-gaming-first-strike-europe-c-d-playoffs-ro16,https://owcdn.net/img/5f8e73ec18ba4.png
Team Finest,Cream Real Betis,13,9,1y ago,C/D Playoffs-Round of 16,First Strike: Europe,/6467/team-finest-vs-cream-real-betis-first-strike-europe-c-d-playoffs-ro16,https://owcdn.net/img/5f8e73ec18ba4.png
Guild Esports,Warthox Esport,13,5,1y ago,C/D Playoffs-Round of 32,First Strike: Europe,/6444/guild-esports-vs-warthox-esport-first-strike-europe-c-d-playoffs-ro32,https://owcdn.net/img/5f8e73ec18ba4.png
Mik0nsDisciple,nolpenki,9,13,1y ago,C/D Playoffs-Round of 32,First Strike: Europe,/6445/mik0nsdisciple-vs-nolpenki-first-strike-europe-c-d-playoffs-ro32,https://owcdn.net/img/5f8e73ec18ba4.png
Entropiq,Enterprise Esports,4,13,1y ago,C/D Playoffs-Round of 32,First Strike: Europe,/6446/entropiq-vs-enterprise-esports-first-strike-europe-c-d-playoffs-ro32,https://owcdn.net/img/5f8e73ec18ba4.png
eXiLe eSports,iPon Esport,13,6,1y ago,C/D Playoffs-Round of 32,First Strike: Europe,/6447/exile-esports-vs-ipon-team-horizon-reapers-first-strike-europe-c-d-playoffs-ro32,https://owcdn.net/img/5f8e73ec18ba4.png
Prodigy,FeaFeaFea,13,11,1y ago,C/D Playoffs-Round of 32,First Strike: Europe,/6448/prodigy-vs-feafeafea-first-strike-europe-c-d-playoffs-ro32,https://owcdn.net/img/5f8e73ec18ba4.png
B7 Warriors,Rix.GG,13,7,1y ago,C/D Playoffs-Round of 32,First Strike: Europe,/6449/b7-warriors-vs-rix-gg-first-strike-europe-c-d-playoffs-ro32,https://owcdn.net/img/5f8e73ec18ba4.png
BIG,L'institut,9,13,1y ago,C/D Playoffs-Round of 32,First Strike: Europe,/6450/big-vs-linstitut-first-strike-europe-c-d-playoffs-ro32,https://owcdn.net/img/5f8e73ec18ba4.png
HSDIRR,UCAM Esports Club,13,6,1y ago,C/D Playoffs-Round of 32,First Strike: Europe,/6451/hsdirr-vs-ucam-esports-club-first-strike-europe-c-d-playoffs-ro32,https://owcdn.net/img/5f8e73ec18ba4.png
Ninjas in Pyjamas,GGmate,13,6,1y ago,C/D Playoffs-Round of 32,First Strike: Europe,/6452/ninjas-in-pyjamas-vs-ggmate-first-strike-europe-c-d-playoffs-ro32,https://owcdn.net/img/5f8e73ec18ba4.png
GRANIT GAMING,Purple Cobras,12,14,1y ago,C/D Playoffs-Round of 32,First Strike: Europe,/6453/granit-gaming-vs-purple-cobras-first-strike-europe-c-d-playoffs-ro32,https://owcdn.net/img/5f8e73ec18ba4.png
Wygers,Wave Esports,9,13,1y ago,C/D Playoffs-Round of 32,First Strike: Europe,/6454/wygers-vs-wave-esports-first-strike-europe-c-d-playoffs-ro32,https://owcdn.net/img/5f8e73ec18ba4.png
need more DM,ROG Esport,13,3,1y ago,C/D Playoffs-Round of 32,First Strike: Europe,/6455/need-more-dm-vs-rog-esport-first-strike-europe-c-d-playoffs-ro32,https://owcdn.net/img/5f8e73ec18ba4.png
Team Heretics,-sheesh-,13,8,1y ago,C/D Playoffs-Round of 32,First Strike: Europe,/6456/team-heretics-vs-sheesh-first-strike-europe-c-d-playoffs-ro32,https://owcdn.net/img/5f8e73ec18ba4.png
VASTA Gaming,Opportunists,13,9,1y ago,C/D Playoffs-Round of 32,First Strike: Europe,/6457/vasta-gaming-vs-opportunists-first-strike-europe-c-d-playoffs-ro32,https://owcdn.net/img/5f8e73ec18ba4.png
Inside Games,Team Finest,7,13,1y ago,C/D Playoffs-Round of 32,First Strike: Europe,/6458/inside-games-vs-team-finest-first-strike-europe-c-d-playoffs-ro32,https://owcdn.net/img/5f8e73ec18ba4.png
ex-Giants Gaming,Cream Real Betis,8,13,1y ago,C/D Playoffs-Round of 32,First Strike: Europe,/6459/giants-gaming-vs-cream-real-betis-first-strike-europe-c-d-playoffs-ro32,https://owcdn.net/img/5f8e73ec18ba4.png
nolpenki,Team Sampi,13,9,1y ago,Qualifier D-Round of 32,First Strike: Europe,/6333/nolpenki-vs-sampi-tipsport-first-strike-europe-qualifier-d-ro32,https://owcdn.net/img/5f8e73ec18ba4.png
GodLAN,Cream Real Betis,11,13,1y ago,Qualifier D-Round of 32,First Strike: Europe,/6334/godlan-vs-cream-real-betis-first-strike-europe-qualifier-d-ro32,https://owcdn.net/img/5f8e73ec18ba4.png
UCAM Esports Club,Bunkergg,13,7,1y ago,Qualifier D-Round of 32,First Strike: Europe,/6335/ucam-esports-club-vs-bunkergg-first-strike-europe-qualifier-d-ro32,https://owcdn.net/img/5f8e73ec18ba4.png
Team Finest,Event Horizon,13,8,1y ago,Qualifier D-Round of 32,First Strike: Europe,/6336/team-finest-vs-event-horizon-first-strike-europe-qualifier-d-ro32,https://owcdn.net/img/5f8e73ec18ba4.png
SKADE,FeaFeaFea,11,13,1y ago,Qualifier D-Round of 32,First Strike: Europe,/6337/skade-vs-feafeafea-first-strike-europe-qualifier-d-ro32,https://owcdn.net/img/5f8e73ec18ba4.png
Noobs With Attitude,GGmate,3,13,1y ago,Qualifier D-Round of 32,First Strike: Europe,/6338/nwa-vs-ggmate-first-strike-europe-qualifier-d-ro32,https://owcdn.net/img/5f8e73ec18ba4.png
L'institut,ex-Ravens Esports Club,13,7,1y ago,Qualifier D-Round of 32,First Strike: Europe,/6339/linstitut-vs-ravens-esports-club-first-strike-europe-qualifier-d-ro32,https://owcdn.net/img/5f8e73ec18ba4.png
Lunaris,Enterprise Esports,10,13,1y ago,Qualifier D-Round of 32,First Strike: Europe,/6340/lunaris-vs-enterprise-esports-first-strike-europe-qualifier-d-ro32,https://owcdn.net/img/5f8e73ec18ba4.png
Purple Cobras,Kamil Klein new chapter,13,3,1y ago,Qualifier D-Round of 32,First Strike: Europe,/6341/purple-cobras-vs-kamil-klein-new-chapter-first-strike-europe-qualifier-d-ro32,https://owcdn.net/img/5f8e73ec18ba4.png
iPon Esport,MJAOMODE,14,12,1y ago,Qualifier D-Round of 32,First Strike: Europe,/6342/ipon-team-horizon-reapers-vs-mjaomode-first-strike-europe-qualifier-d-ro32,https://owcdn.net/img/5f8e73ec18ba4.png
-sheesh-,keepYOURskill,13,10,1y ago,Qualifier D-Round of 32,First Strike: Europe,/6343/sheesh-vs-keepyourskill-first-strike-europe-qualifier-d-ro32,https://owcdn.net/img/5f8e73ec18ba4.png
ISOL-BULIL,Wave Esports,6,13,1y ago,Qualifier D-Round of 32,First Strike: Europe,/6344/isol-bulil-vs-wave-esports-first-strike-europe-qualifier-d-ro32,https://owcdn.net/img/5f8e73ec18ba4.png
Opportunists,All Day Long,13,1,1y ago,Qualifier D-Round of 32,First Strike: Europe,/6345/opportunists-vs-all-day-long-first-strike-europe-qualifier-d-ro32,https://owcdn.net/img/5f8e73ec18ba4.png
thunderPEEK,Warthox Esport,10,13,1y ago,Qualifier D-Round of 32,First Strike: Europe,/6346/thunderpeek-vs-warthox-esport-first-strike-europe-qualifier-d-ro32,https://owcdn.net/img/5f8e73ec18ba4.png
Rix.GG,Valorando,13,7,1y ago,Qualifier D-Round of 32,First Strike: Europe,/6347/rix-gg-vs-valorando-first-strike-europe-qualifier-d-ro32,https://owcdn.net/img/5f8e73ec18ba4.png
Team Toxic,ROG Esport,15,17,1y ago,Qualifier D-Round of 32,First Strike: Europe,/6348/team-toxic-vs-rog-esport-first-strike-europe-qualifier-d-ro32,https://owcdn.net/img/5f8e73ec18ba4.png
nolpenki,Polarity Esports,13,3,1y ago,Qualifier D-Round of 64,First Strike: Europe,/6301/nolpenki-vs-polarity-esports-first-strike-europe-qualifier-d-ro64,https://owcdn.net/img/5f8e73ec18ba4.png
Team Sampi,Dawn of Stars,13,8,1y ago,Qualifier D-Round of 64,First Strike: Europe,/6302/sampi-tipsport-vs-dawn-of-stars-first-strike-europe-qualifier-d-ro64,https://owcdn.net/img/5f8e73ec18ba4.png
Souldazz,GodLAN,15,17,1y ago,Qualifier D-Round of 64,First Strike: Europe,/6303/souldazz-vs-godlan-first-strike-europe-qualifier-d-ro64,https://owcdn.net/img/5f8e73ec18ba4.png
Cream Real Betis,Nice Cars,13,6,1y ago,Qualifier D-Round of 64,First Strike: Europe,/6304/cream-real-betis-vs-nice-cars-first-strike-europe-qualifier-d-ro64,https://owcdn.net/img/5f8e73ec18ba4.png
UCAM Esports Club,team cotch,13,9,1y ago,Qualifier D-Round of 64,First Strike: Europe,/6305/ucam-esports-club-vs-team-cotch-first-strike-europe-qualifier-d-ro64,https://owcdn.net/img/5f8e73ec18ba4.png
FTW Esports,Bunkergg,9,13,1y ago,Qualifier D-Round of 64,First Strike: Europe,/6306/ftw-esports-vs-bunkergg-first-strike-europe-qualifier-d-ro64,https://owcdn.net/img/5f8e73ec18ba4.png
Team Finest,Miracles,13,10,1y ago,Qualifier D-Round of 64,First Strike: Europe,/6307/team-finest-vs-miracles-first-strike-europe-qualifier-d-ro64,https://owcdn.net/img/5f8e73ec18ba4.png
Movistar Riders,Event Horizon,11,13,1y ago,Qualifier D-Round of 64,First Strike: Europe,/6308/movistar-riders-vs-event-horizon-first-strike-europe-qualifier-d-ro64,https://owcdn.net/img/5f8e73ec18ba4.png
SKADE,VETERANOS e-Sports,13,11,1y ago,Qualifier D-Round of 64,First Strike: Europe,/6309/skade-vs-veteranos-e-sports-first-strike-europe-qualifier-d-ro64,https://owcdn.net/img/5f8e73ec18ba4.png
FeaFeaFea,h$666,15,13,1y ago,Qualifier D-Round of 64,First Strike: Europe,/6310/feafeafea-vs-h-666-first-strike-europe-qualifier-d-ro64,https://owcdn.net/img/5f8e73ec18ba4.png
Noobs With Attitude,Marten Gaming,13,4,1y ago,Qualifier D-Round of 64,First Strike: Europe,/6311/nwa-vs-marten-gaming-first-strike-europe-qualifier-d-ro64,https://owcdn.net/img/5f8e73ec18ba4.png
L'institut,Constant rise,13,4,1y ago,Qualifier D-Round of 64,First Strike: Europe,/6313/linstitut-vs-constant-rise-first-strike-europe-qualifier-d-ro64,https://owcdn.net/img/5f8e73ec18ba4.png
Entropiq Bravo,ex-Ravens Esports Club,10,13,1y ago,Qualifier D-Round of 64,First Strike: Europe,/6314/entropiq-bravo-vs-ravens-esports-club-first-strike-europe-qualifier-d-ro64,https://owcdn.net/img/5f8e73ec18ba4.png
Lunaris,1stCav eSport Club,13,1,1y ago,Qualifier D-Round of 64,First Strike: Europe,/6315/lunaris-vs-1stcav-esport-club-first-strike-europe-qualifier-d-ro64,https://owcdn.net/img/5f8e73ec18ba4.png
Enterprise Esports,Cool Guys,13,6,1y ago,Qualifier D-Round of 64,First Strike: Europe,/6316/enterprise-esports-vs-cool-guys-first-strike-europe-qualifier-d-ro64,https://owcdn.net/img/5f8e73ec18ba4.png
Purple Cobras,NoPracc,13,5,1y ago,Qualifier D-Round of 64,First Strike: Europe,/6317/purple-cobras-vs-nopracc-first-strike-europe-qualifier-d-ro64,https://owcdn.net/img/5f8e73ec18ba4.png
Kamil Klein new chapter,DrAgOnZz,13,7,1y ago,Qualifier D-Round of 64,First Strike: Europe,/6318/kamil-klein-new-chapter-vs-dragonzz-first-strike-europe-qualifier-d-ro64,https://owcdn.net/img/5f8e73ec18ba4.png
iPon Esport,GodVibes,13,7,1y ago,Qualifier D-Round of 64,First Strike: Europe,/6319/ipon-team-horizon-reapers-vs-godvibes-first-strike-europe-qualifier-d-ro64,https://owcdn.net/img/5f8e73ec18ba4.png
MJAOMODE,Grow uP eSports,13,8,1y ago,Qualifier D-Round of 64,First Strike: Europe,/6320/mjaomode-vs-grow-up-esports-first-strike-europe-qualifier-d-ro64,https://owcdn.net/img/5f8e73ec18ba4.png
-sheesh-,Max Control,13,6,1y ago,Qualifier D-Round of 64,First Strike: Europe,/6321/sheesh-vs-max-control-first-strike-europe-qualifier-d-ro64,https://owcdn.net/img/5f8e73ec18ba4.png
hREDS,keepYOURskill,12,14,1y ago,Qualifier D-Round of 64,First Strike: Europe,/6322/hreds-vs-keepyourskill-first-strike-europe-qualifier-d-ro64,https://owcdn.net/img/5f8e73ec18ba4.png
ISOL-BULIL,Sprayz Gaming,13,10,1y ago,Qualifier D-Round of 64,First Strike: Europe,/6323/isol-bulil-vs-sprayz-gaming-first-strike-europe-qualifier-d-ro64,https://owcdn.net/img/5f8e73ec18ba4.png
Wave Esports,Team 7AM,13,4,1y ago,Qualifier D-Round of 64,First Strike: Europe,/6324/wave-esports-vs-team-7am-first-strike-europe-qualifier-d-ro64,https://owcdn.net/img/5f8e73ec18ba4.png
Opportunists,Tarren Mill,13,4,1y ago,Qualifier D-Round of 64,First Strike: Europe,/6325/opportunists-vs-tarren-mill-first-strike-europe-qualifier-d-ro64,https://owcdn.net/img/5f8e73ec18ba4.png
Arctic Gaming,All Day Long,6,13,1y ago,Qualifier D-Round of 64,First Strike: Europe,/6326/arctic-gaming-vs-all-day-long-first-strike-europe-qualifier-d-ro64,https://owcdn.net/img/5f8e73ec18ba4.png
eSuba,thunderPEEK,9,13,1y ago,Qualifier D-Round of 64,First Strike: Europe,/6327/esuba-vs-thunderpeek-first-strike-europe-qualifier-d-ro64,https://owcdn.net/img/5f8e73ec18ba4.png
Warthox Esport,Dambis,13,10,1y ago,Qualifier D-Round of 64,First Strike: Europe,/6328/warthox-esport-vs-dambis-first-strike-europe-qualifier-d-ro64,https://owcdn.net/img/5f8e73ec18ba4.png
Rix.GG,BALANCED?,13,5,1y ago,Qualifier D-Round of 64,First Strike: Europe,/6329/rix-gg-vs-balanced-first-strike-europe-qualifier-d-ro64,https://owcdn.net/img/5f8e73ec18ba4.png
LES PILLEURS,Valorando,2,13,1y ago,Qualifier D-Round of 64,First Strike: Europe,/6330/les-pilleurs-vs-valorando-first-strike-europe-qualifier-d-ro64,https://owcdn.net/img/5f8e73ec18ba4.png
Team Toxic,Team Spectralis,13,11,1y ago,Qualifier D-Round of 64,First Strike: Europe,/6331/team-toxic-vs-team-spectralis-first-strike-europe-qualifier-d-ro64,https://owcdn.net/img/5f8e73ec18ba4.png
ROG Esport,YAZDA,13,5,1y ago,Qualifier D-Round of 64,First Strike: Europe,/6332/rog-esport-vs-yazda-first-strike-europe-qualifier-d-ro64,https://owcdn.net/img/5f8e73ec18ba4.png
GGmate,Nexus Gaming,14,12,1y ago,Qualifier D-Round of 64,First Strike: Europe,/6312/ggmate-vs-nexus-gaming-first-strike-europe-qualifier-d-ro64,https://owcdn.net/img/5f8e73ec18ba4.png
Lunaris,Team Doggo,13,4,1y ago,Qualifier D-Round of 128,First Strike: Europe,/6265/lunaris-vs-team-doggo-first-strike-europe-qualifier-d-ro128,https://owcdn.net/img/5f8e73ec18ba4.png
MJAOMODE,ETERNAL,13,5,1y ago,Qualifier D-Round of 128,First Strike: Europe,/6275/mjaomode-vs-eternal-first-strike-europe-qualifier-d-ro128,https://owcdn.net/img/5f8e73ec18ba4.png
Valorando,AYB Esports,13,10,1y ago,Qualifier D-Round of 128,First Strike: Europe,/6296/valorando-vs-ayb-esports-first-strike-europe-qualifier-d-ro128,https://owcdn.net/img/5f8e73ec18ba4.png
Nexus Gaming,The Stream Team,13,0,1y ago,Qualifier D-Round of 128,First Strike: Europe,/6260/nexus-gaming-vs-the-stream-team-first-strike-europe-qualifier-d-ro128,https://owcdn.net/img/5f8e73ec18ba4.png
Akademus Esport,PuR eSport,8,13,1y ago,Qualifier D-Round of 256,First Strike: Europe,/6126/akademus-esport-vs-pur-esport-first-strike-europe-qualifier-d-ro256,https://owcdn.net/img/5f8e73ec18ba4.png
Wizards Club,Intrepid Fox,13,4,1y ago,Qualifier D-Round of 256,First Strike: Europe,/6129/wizards-club-vs-intrepid-fox-first-strike-europe-qualifier-d-ro256,https://owcdn.net/img/5f8e73ec18ba4.png
doneVAL,KHABHAT GAMING,12,14,1y ago,Qualifier D-Round of 256,First Strike: Europe,/6136/frat3rnity-vs-khabhat-gaming-first-strike-europe-qualifier-d-ro256,https://owcdn.net/img/5f8e73ec18ba4.png
The Stream Team,Madrid Rise,13,8,1y ago,Qualifier D-Round of 256,First Strike: Europe,/6156/the-stream-team-vs-madrid-rise-first-strike-europe-qualifier-d-ro256,https://owcdn.net/img/5f8e73ec18ba4.png
1stCav eSport Club,Team Momentum,0,0,1y ago,Qualifier D-Round of 256,First Strike: Europe,/6168/1stcav-esport-club-vs-team-momentum-first-strike-europe-qualifier-d-ro256,https://owcdn.net/img/5f8e73ec18ba4.png
MJAOMODE,LE GAMING,13,1,1y ago,Qualifier D-Round of 256,First Strike: Europe,/6185/mjaomode-vs-le-gaming-first-strike-europe-qualifier-d-ro256,https://owcdn.net/img/5f8e73ec18ba4.png
Sprayz Gaming,ALCYONE,13,11,1y ago,Qualifier D-Round of 256,First Strike: Europe,/6200/sprayz-gaming-vs-alcyone-first-strike-europe-qualifier-d-ro256,https://owcdn.net/img/5f8e73ec18ba4.png
eSuba,Rating Greatly Decreased,13,4,1y ago,Qualifier D-Round of 256,First Strike: Europe,/6213/esuba-vs-rating-greatly-decreased-first-strike-europe-qualifier-d-ro256,https://owcdn.net/img/5f8e73ec18ba4.png
thunderPEEK,Yendez,13,9,1y ago,Qualifier D-Round of 256,First Strike: Europe,/6216/thunderpeek-vs-yendez-first-strike-europe-qualifier-d-ro256,https://owcdn.net/img/5f8e73ec18ba4.png
6'4 fully tatted,Awake Esports,13,15,1y ago,Qualifier D-Round of 256,First Strike: Europe,/6220/64-fully-tatted-vs-awake-esports-first-strike-europe-qualifier-d-ro256,https://owcdn.net/img/5f8e73ec18ba4.png
Shanghai Emperors,MRKN,7,13,1y ago,Qualifier D-Round of 256,First Strike: Europe,/6223/shanghai-emperors-vs-mrkn-first-strike-europe-qualifier-d-ro256,https://owcdn.net/img/5f8e73ec18ba4.png
Guild Esports,Event Horizon,13,3,1y ago,Qualifier C-Round of 32,First Strike: Europe,/5882/guild-esports-vs-event-horizon-first-strike-europe-qualifier-c-ro32,https://owcdn.net/img/5f8e73ec18ba4.png
Dawn of Stars,GRANIT GAMING,11,13,1y ago,Qualifier C-Round of 32,First Strike: Europe,/5883/dawn-of-stars-vs-granit-gaming-first-strike-europe-qualifier-c-ro32,https://owcdn.net/img/5f8e73ec18ba4.png
SKADE,Mik0nsDisciple,10,13,1y ago,Qualifier C-Round of 32,First Strike: Europe,/5884/skade-vs-mik0nsdisciple-first-strike-europe-qualifier-c-ro32,https://owcdn.net/img/5f8e73ec18ba4.png
HSDIRR,eSuba,13,9,1y ago,Qualifier C-Round of 32,First Strike: Europe,/5885/hsdirr-vs-esuba-first-strike-europe-qualifier-c-ro32,https://owcdn.net/img/5f8e73ec18ba4.png
Team Heretics,Wave Esports,13,3,1y ago,Qualifier C-Round of 32,First Strike: Europe,/5886/team-heretics-vs-wave-esports-first-strike-europe-qualifier-c-ro32,https://owcdn.net/img/5f8e73ec18ba4.png
Entropiq,PENTA,13,4,1y ago,Qualifier C-Round of 32,First Strike: Europe,/5887/entropiq-vs-penta-first-strike-europe-qualifier-c-ro32,https://owcdn.net/img/5f8e73ec18ba4.png
Prodigy,Movistar Riders,13,8,1y ago,Qualifier C-Round of 32,First Strike: Europe,/5888/prodigy-vs-movistar-riders-first-strike-europe-qualifier-c-ro32,https://owcdn.net/img/5f8e73ec18ba4.png
eXiLe eSports,N0thing To L0se,13,5,1y ago,Qualifier C-Round of 32,First Strike: Europe,/5889/exile-esports-vs-n0thing-to-l0se-first-strike-europe-qualifier-c-ro32,https://owcdn.net/img/5f8e73ec18ba4.png
Ninjas in Pyjamas,Grow uP eSports,13,4,1y ago,Qualifier C-Round of 32,First Strike: Europe,/5890/ninjas-in-pyjamas-vs-grow-up-esports-first-strike-europe-qualifier-c-ro32,https://owcdn.net/img/5f8e73ec18ba4.png
Rix.GG,Wygers,13,15,1y ago,Qualifier C-Round of 32,First Strike: Europe,/5891/rix-gg-vs-wygers-first-strike-europe-qualifier-c-ro32,https://owcdn.net/img/5f8e73ec18ba4.png
Opportunists,Inside Games,11,13,1y ago,Qualifier C-Round of 32,First Strike: Europe,/5892/opportunists-vs-inside-games-first-strike-europe-qualifier-c-ro32,https://owcdn.net/img/5f8e73ec18ba4.png
ex-Giants Gaming,Entropiq Bravo,13,8,1y ago,Qualifier C-Round of 32,First Strike: Europe,/5893/giants-gaming-vs-entropiq-bravo-first-strike-europe-qualifier-c-ro32,https://owcdn.net/img/5f8e73ec18ba4.png
nolpenki,BIG,4,13,1y ago,Qualifier C-Round of 32,First Strike: Europe,/5894/nolpenki-vs-big-first-strike-europe-qualifier-c-ro32,https://owcdn.net/img/5f8e73ec18ba4.png
L'institut,VASTA Gaming,10,13,1y ago,Qualifier C-Round of 32,First Strike: Europe,/5895/linstitut-vs-vasta-gaming-first-strike-europe-qualifier-c-ro32,https://owcdn.net/img/5f8e73ec18ba4.png
With the boiz,B7 Warriors,11,13,1y ago,Qualifier C-Round of 32,First Strike: Europe,/5896/with-the-boiz-vs-b7-warriors-first-strike-europe-qualifier-c-ro32,https://owcdn.net/img/5f8e73ec18ba4.png
need more DM,FeaFeaFea,13,8,1y ago,Qualifier C-Round of 32,First Strike: Europe,/5897/need-more-dm-vs-feafeafea-first-strike-europe-qualifier-c-ro32,https://owcdn.net/img/5f8e73ec18ba4.png
Guild Esports,Yendez,13,1,1y ago,Qualifier C-Round of 64,First Strike: Europe,/5850/guild-esports-vs-yendez-first-strike-europe-qualifier-c-ro64,https://owcdn.net/img/5f8e73ec18ba4.png
Event Horizon,NOX Esports,13,6,1y ago,Qualifier C-Round of 64,First Strike: Europe,/5851/event-horizon-vs-nox-esports-first-strike-europe-qualifier-c-ro64,https://owcdn.net/img/5f8e73ec18ba4.png
Max Control,Dawn of Stars,10,13,1y ago,Qualifier C-Round of 64,First Strike: Europe,/5852/max-control-vs-dawn-of-stars-first-strike-europe-qualifier-c-ro64,https://owcdn.net/img/5f8e73ec18ba4.png
UCAM Esports Club,GRANIT GAMING,12,14,1y ago,Qualifier C-Round of 64,First Strike: Europe,/5853/ucam-esports-club-vs-granit-gaming-first-strike-europe-qualifier-c-ro64,https://owcdn.net/img/5f8e73ec18ba4.png
SKADE,ShadowzGG V2,13,5,1y ago,Qualifier C-Round of 64,First Strike: Europe,/5854/skade-vs-shadowzgg-v2-first-strike-europe-qualifier-c-ro64,https://owcdn.net/img/5f8e73ec18ba4.png
iPon Esport,Mik0nsDisciple,2,13,1y ago,Qualifier C-Round of 64,First Strike: Europe,/5855/ipon-team-horizon-reapers-vs-mik0nsdisciple-first-strike-europe-qualifier-c-ro64,https://owcdn.net/img/5f8e73ec18ba4.png
HSDIRR,Acolarse,14,12,1y ago,Qualifier C-Round of 64,First Strike: Europe,/5856/hsdirr-vs-acolarse-first-strike-europe-qualifier-c-ro64,https://owcdn.net/img/5f8e73ec18ba4.png
eSuba,Team Queso,13,5,1y ago,Qualifier C-Round of 64,First Strike: Europe,/5857/esuba-vs-team-queso-first-strike-europe-qualifier-c-ro64,https://owcdn.net/img/5f8e73ec18ba4.png
Team Heretics,Marten Gaming,13,10,1y ago,Qualifier C-Round of 64,First Strike: Europe,/5858/team-heretics-vs-marten-gaming-first-strike-europe-qualifier-c-ro64,https://owcdn.net/img/5f8e73ec18ba4.png
MJAOMODE,Wave Esports,8,13,1y ago,Qualifier C-Round of 64,First Strike: Europe,/5859/mjaomode-vs-wave-esports-first-strike-europe-qualifier-c-ro64,https://owcdn.net/img/5f8e73ec18ba4.png
Entropiq,ex-Ravens Esports Club,13,4,1y ago,Qualifier C-Round of 64,First Strike: Europe,/5860/entropiq-vs-ravens-esports-club-first-strike-europe-qualifier-c-ro64,https://owcdn.net/img/5f8e73ec18ba4.png
PENTA,Dreamwalker,13,5,1y ago,Qualifier C-Round of 64,First Strike: Europe,/5861/penta-vs-dreamwalker-first-strike-europe-qualifier-c-ro64,https://owcdn.net/img/5f8e73ec18ba4.png
Prodigy,All Day Long,13,8,1y ago,Qualifier C-Round of 64,First Strike: Europe,/5862/prodigy-vs-all-day-long-first-strike-europe-qualifier-c-ro64,https://owcdn.net/img/5f8e73ec18ba4.png
Cream Real Betis,Movistar Riders,3,13,1y ago,Qualifier C-Round of 64,First Strike: Europe,/5863/cream-real-betis-vs-movistar-riders-first-strike-europe-qualifier-c-ro64,https://owcdn.net/img/5f8e73ec18ba4.png
eXiLe eSports,8,13,               8,1y ago,Qualifier C-Round of 64,First Strike: Europe,/5864/exile-esports-vs-project-eversio-first-strike-europe-qualifier-c-ro64,https://owcdn.net/img/5f8e73ec18ba4.png
doneVAL,N0thing To L0se,8,13,1y ago,Qualifier C-Round of 64,First Strike: Europe,/5865/frat3rnity-vs-n0thing-to-l0se-first-strike-europe-qualifier-c-ro64,https://owcdn.net/img/5f8e73ec18ba4.png
Ninjas in Pyjamas,The Stream Team,13,4,1y ago,Qualifier C-Round of 64,First Strike: Europe,/5866/ninjas-in-pyjamas-vs-the-stream-team-first-strike-europe-qualifier-c-ro64,https://owcdn.net/img/5f8e73ec18ba4.png
ZEROZONE,Grow uP eSports,10,13,1y ago,Qualifier C-Round of 64,First Strike: Europe,/5867/zer-zone-vs-grow-up-esports-first-strike-europe-qualifier-c-ro64,https://owcdn.net/img/5f8e73ec18ba4.png
Rix.GG,Allware,13,3,1y ago,Qualifier C-Round of 64,First Strike: Europe,/5868/rix-gg-vs-allware-first-strike-europe-qualifier-c-ro64,https://owcdn.net/img/5f8e73ec18ba4.png
Wygers,SPARX Esports,13,9,1y ago,Qualifier C-Round of 64,First Strike: Europe,/5869/wygers-vs-sparx-esports-first-strike-europe-qualifier-c-ro64,https://owcdn.net/img/5f8e73ec18ba4.png
Opportunists,LE GAMING,13,4,1y ago,Qualifier C-Round of 64,First Strike: Europe,/5870/opportunists-vs-le-gaming-first-strike-europe-qualifier-c-ro64,https://owcdn.net/img/5f8e73ec18ba4.png
Inside Games,Wizards Club,13,9,1y ago,Qualifier C-Round of 64,First Strike: Europe,/5871/inside-games-vs-wizards-club-first-strike-europe-qualifier-c-ro64,https://owcdn.net/img/5f8e73ec18ba4.png
ex-Giants Gaming,YoungTalents,13,0,1y ago,Qualifier C-Round of 64,First Strike: Europe,/5872/giants-gaming-vs-youngtalents-first-strike-europe-qualifier-c-ro64,https://owcdn.net/img/5f8e73ec18ba4.png
thunderPEEK,Entropiq Bravo,6,13,1y ago,Qualifier C-Round of 64,First Strike: Europe,/5873/thunderpeek-vs-entropiq-bravo-first-strike-europe-qualifier-c-ro64,https://owcdn.net/img/5f8e73ec18ba4.png
nolpenki,mens)),13,5,1y ago,Qualifier C-Round of 64,First Strike: Europe,/5874/nolpenki-vs-mens-first-strike-europe-qualifier-c-ro64,https://owcdn.net/img/5f8e73ec18ba4.png
GaDZoVKY,BIG,1,13,1y ago,Qualifier C-Round of 64,First Strike: Europe,/5875/gadzovky-vs-big-first-strike-europe-qualifier-c-ro64,https://owcdn.net/img/5f8e73ec18ba4.png
L'institut,Novavirtus,13,3,1y ago,Qualifier C-Round of 64,First Strike: Europe,/5876/linstitut-vs-novavirtus-first-strike-europe-qualifier-c-ro64,https://owcdn.net/img/5f8e73ec18ba4.png
Team Finest,VASTA Gaming,7,13,1y ago,Qualifier C-Round of 64,First Strike: Europe,/5877/team-finest-vs-vasta-gaming-first-strike-europe-qualifier-c-ro64,https://owcdn.net/img/5f8e73ec18ba4.png
With the boiz,Cool Guys,13,10,1y ago,Qualifier C-Round of 64,First Strike: Europe,/5878/with-the-boiz-vs-cool-guys-first-strike-europe-qualifier-c-ro64,https://owcdn.net/img/5f8e73ec18ba4.png
Souldazz,B7 Warriors,9,13,1y ago,Qualifier C-Round of 64,First Strike: Europe,/5879/souldazz-vs-b7-warriors-first-strike-europe-qualifier-c-ro64,https://owcdn.net/img/5f8e73ec18ba4.png
need more DM,S2V Esports,13,6,1y ago,Qualifier C-Round of 64,First Strike: Europe,/5880/need-more-dm-vs-s2v-esports-first-strike-europe-qualifier-c-ro64,https://owcdn.net/img/5f8e73ec18ba4.png
Lunaris,FeaFeaFea,10,13,1y ago,Qualifier C-Round of 64,First Strike: Europe,/5881/lunaris-vs-feafeafea-first-strike-europe-qualifier-c-ro64,https://owcdn.net/img/5f8e73ec18ba4.png
Helios Gaming,Yendez,2,13,1y ago,Qualifier C-Round of 128,First Strike: Europe,/5787/helios-gaming-vs-yendez-first-strike-europe-qualifier-c-ro128,https://owcdn.net/img/5f8e73ec18ba4.png
HSDIRR,Valorando,13,7,1y ago,Qualifier C-Round of 128,First Strike: Europe,/5798/hsdirr-vs-valorando-first-strike-europe-qualifier-c-ro128,https://owcdn.net/img/5f8e73ec18ba4.png
eSuba,Ovation eSports,13,3,1y ago,Qualifier C-Round of 128,First Strike: Europe,/5800/esuba-vs-ovation-first-strike-europe-qualifier-c-ro128,https://owcdn.net/img/5f8e73ec18ba4.png
MJAOMODE,Gaming Barracks,13,5,1y ago,Qualifier C-Round of 128,First Strike: Europe,/5804/mjaomode-vs-gaming-barracks-first-strike-europe-qualifier-c-ro128,https://owcdn.net/img/5f8e73ec18ba4.png
Prodigy,QLASH,13,4,1y ago,Qualifier C-Round of 128,First Strike: Europe,/5810/prodigy-vs-qlash-first-strike-europe-qualifier-c-ro128,https://owcdn.net/img/5f8e73ec18ba4.png
Movistar Riders,Ã˜utsiders,13,3,1y ago,Qualifier C-Round of 128,First Strike: Europe,/5813/movistar-riders-vs-utsiders-first-strike-europe-qualifier-c-ro128,https://owcdn.net/img/5f8e73ec18ba4.png
Rix.GG,1stCav eSport Club,13,3,1y ago,Qualifier C-Round of 128,First Strike: Europe,/5822/rix-gg-vs-1stcav-esport-club-first-strike-europe-qualifier-c-ro128,https://owcdn.net/img/5f8e73ec18ba4.png
B7 Warriors,KHABHAT GAMING,13,9,1y ago,Qualifier C-Round of 128,First Strike: Europe,/5845/b7-warriors-vs-khabhat-gaming-first-strike-europe-qualifier-c-ro128,https://owcdn.net/img/5f8e73ec18ba4.png
Guild Esports,G.Gang,13,1,1y ago,Qualifier C-Round of 256,First Strike: Europe,/5938/guild-esports-vs-g-gang-first-strike-europe-qualifier-c-ro256,https://owcdn.net/img/5f8e73ec18ba4.png
Dawn of Stars,Arctic Gaming,13,0,1y ago,Qualifier C-Round of 256,First Strike: Europe,/5939/dawn-of-stars-vs-arctic-gaming-first-strike-europe-qualifier-c-ro256,https://owcdn.net/img/5f8e73ec18ba4.png
hREDS,Mik0nsDisciple,11,13,1y ago,Qualifier C-Round of 256,First Strike: Europe,/5940/hreds-vs-mik0nsdisciple-first-strike-europe-qualifier-c-ro256,https://owcdn.net/img/5f8e73ec18ba4.png
HSDIRR,John Howard,13,2,1y ago,Qualifier C-Round of 256,First Strike: Europe,/5941/hsdirr-vs-john-howard-first-strike-europe-qualifier-c-ro256,https://owcdn.net/img/5f8e73ec18ba4.png
Wave Esports,Constant rise,13,7,1y ago,Qualifier C-Round of 256,First Strike: Europe,/5942/wave-esports-vs-constant-rise-first-strike-europe-qualifier-c-ro256,https://owcdn.net/img/5f8e73ec18ba4.png
Entropiq,DevilDucks,13,6,1y ago,Qualifier C-Round of 256,First Strike: Europe,/5943/entropiq-vs-devilducks-first-strike-europe-qualifier-c-ro256,https://owcdn.net/img/5f8e73ec18ba4.png
InetGamer,ex-Ravens Esports Club,6,13,1y ago,Qualifier C-Round of 256,First Strike: Europe,/5944/inetgamer-vs-ravens-esports-club-first-strike-europe-qualifier-c-ro256,https://owcdn.net/img/5f8e73ec18ba4.png
ISOL-BULIL,PENTA,11,13,1y ago,Qualifier C-Round of 256,First Strike: Europe,/5945/isol-bulil-vs-penta-first-strike-europe-qualifier-c-ro256,https://owcdn.net/img/5f8e73ec18ba4.png
Kamil Klein new chapter,No Teeth,13,7,1y ago,Qualifier C-Round of 256,First Strike: Europe,/5946/kamil-klein-new-chapter-vs-no-teeth-first-strike-europe-qualifier-c-ro256,https://owcdn.net/img/5f8e73ec18ba4.png
Rix.GG,NCBz Esport,0,0,1y ago,Qualifier C-Round of 256,First Strike: Europe,/5947/rix-gg-vs-ncbz-esport-first-strike-europe-qualifier-c-ro256,https://owcdn.net/img/5f8e73ec18ba4.png
Tarren Mill,Wizards Club,10,13,1y ago,Qualifier C-Round of 256,First Strike: Europe,/5948/tarren-mill-vs-wizards-club-first-strike-europe-qualifier-c-ro256,https://owcdn.net/img/5f8e73ec18ba4.png
nolpenki,clownz,13,8,1y ago,Qualifier C-Round of 256,First Strike: Europe,/5949/nolpenki-vs-clownz-first-strike-europe-qualifier-c-ro256,https://owcdn.net/img/5f8e73ec18ba4.png
M4LIK,With the boiz,9,13,1y ago,Qualifier C-Round of 256,First Strike: Europe,/5951/m4lik-vs-with-the-boiz-first-strike-europe-qualifier-c-ro256,https://owcdn.net/img/5f8e73ec18ba4.png
Allware,RosCey eSports,13,6,1y ago,Qualifier C-Round of 256,First Strike: Europe,/6061/allware-vs-roscey-esports-first-strike-europe-qualifier-c-ro256,https://owcdn.net/img/5f8e73ec18ba4.png
SUMN FC,eXiLe eSports,2,0,1y ago,A/B Playoffs-Quarterfinals,First Strike: Europe,/5679/sumn-fc-vs-exile-esports-first-strike-europe-a-b-playoffs-qf,https://owcdn.net/img/5f8e73ec18ba4.png
FunPlus Phoenix,Opportunists,2,0,1y ago,A/B Playoffs-Quarterfinals,First Strike: Europe,/5678/funplus-phoenix-vs-opportunists-first-strike-europe-a-b-playoffs-qf,https://owcdn.net/img/5f8e73ec18ba4.png
Team Liquid,Prodigy,2,0,1y ago,A/B Playoffs-Quarterfinals,First Strike: Europe,/5677/team-liquid-vs-prodigy-first-strike-europe-a-b-playoffs-qf,https://owcdn.net/img/5f8e73ec18ba4.png
G2 Esports,Ninjas in Pyjamas,2,0,1y ago,A/B Playoffs-Quarterfinals,First Strike: Europe,/5676/g2-esports-vs-ninjas-in-pyjamas-first-strike-europe-a-b-playoffs-qf,https://owcdn.net/img/5f8e73ec18ba4.png
L'institut,eXiLe eSports,7,13,1y ago,A/B Playoffs-Round of 16,First Strike: Europe,/5611/linstitut-vs-exile-esports-first-strike-europe-a-b-playoffs-ro16,https://owcdn.net/img/5f8e73ec18ba4.png
G2 Esports,Guild Esports,10,13,1y ago,A/B Playoffs-Round of 16,First Strike: Europe,/5604/g2-esports-vs-guild-esports-first-strike-europe-a-b-playoffs-ro16,https://owcdn.net/img/5f8e73ec18ba4.png
Ninjas in Pyjamas,Team Heretics,13,11,1y ago,A/B Playoffs-Round of 16,First Strike: Europe,/5605/ninjas-in-pyjamas-vs-team-heretics-first-strike-europe-a-b-playoffs-ro16,https://owcdn.net/img/5f8e73ec18ba4.png
Team Liquid,HSDIRR,13,7,1y ago,A/B Playoffs-Round of 16,First Strike: Europe,/5606/team-liquid-vs-hsdirr-first-strike-europe-a-b-playoffs-ro16,https://owcdn.net/img/5f8e73ec18ba4.png
Prodigy,nolpenki,13,11,1y ago,A/B Playoffs-Round of 16,First Strike: Europe,/5607/prodigy-vs-nolpenki-first-strike-europe-a-b-playoffs-ro16,https://owcdn.net/img/5f8e73ec18ba4.png
FunPlus Phoenix,SKADE,13,1,1y ago,A/B Playoffs-Round of 16,First Strike: Europe,/5608/funplus-phoenix-vs-skade-first-strike-europe-a-b-playoffs-ro16,https://owcdn.net/img/5f8e73ec18ba4.png
Purple Cobras,Opportunists,11,13,1y ago,A/B Playoffs-Round of 16,First Strike: Europe,/5609/purple-cobras-vs-opportunists-first-strike-europe-a-b-playoffs-ro16,https://owcdn.net/img/5f8e73ec18ba4.png
SUMN FC,need more DM,13,9,1y ago,A/B Playoffs-Round of 16,First Strike: Europe,/5610/sumn-fc-vs-need-more-dm-first-strike-europe-a-b-playoffs-ro16,https://owcdn.net/img/5f8e73ec18ba4.png
G2 Esports,VASTA Gaming,13,1,1y ago,A/B Playoffs-Round of 32,First Strike: Europe,/5588/g2-esports-vs-vasta-gaming-first-strike-europe-a-b-playoffs-ro32,https://owcdn.net/img/5f8e73ec18ba4.png
Team Queso,Guild Esports,6,13,1y ago,A/B Playoffs-Round of 32,First Strike: Europe,/5589/team-queso-vs-guild-esports-first-strike-europe-a-b-playoffs-ro32,https://owcdn.net/img/5f8e73ec18ba4.png
Ninjas in Pyjamas,Lunaris,14,12,1y ago,A/B Playoffs-Round of 32,First Strike: Europe,/5590/ninjas-in-pyjamas-vs-lunaris-first-strike-europe-a-b-playoffs-ro32,https://owcdn.net/img/5f8e73ec18ba4.png
Team Heretics,STR99,13,4,1y ago,A/B Playoffs-Round of 32,First Strike: Europe,/5591/team-heretics-vs-str99-first-strike-europe-a-b-playoffs-ro32,https://owcdn.net/img/5f8e73ec18ba4.png
Team Liquid,Kamil Klein new chapter,13,1,1y ago,A/B Playoffs-Round of 32,First Strike: Europe,/5592/team-liquid-vs-kamil-klein-new-chapter-first-strike-europe-a-b-playoffs-ro32,https://owcdn.net/img/5f8e73ec18ba4.png
ISOL-BULIL,HSDIRR,2,13,1y ago,A/B Playoffs-Round of 32,First Strike: Europe,/5593/isol-bulil-vs-hsdirr-first-strike-europe-a-b-playoffs-ro32,https://owcdn.net/img/5f8e73ec18ba4.png
Prodigy,Rix.GG,13,8,1y ago,A/B Playoffs-Round of 32,First Strike: Europe,/5594/prodigy-vs-rix-gg-first-strike-europe-a-b-playoffs-ro32,https://owcdn.net/img/5f8e73ec18ba4.png
nolpenki,BIG,13,11,1y ago,A/B Playoffs-Round of 32,First Strike: Europe,/5595/nolpenki-vs-big-first-strike-europe-a-b-playoffs-ro32,https://owcdn.net/img/5f8e73ec18ba4.png
FunPlus Phoenix,M4LIK,13,2,1y ago,A/B Playoffs-Round of 32,First Strike: Europe,/5596/funplus-phoenix-vs-m4lik-first-strike-europe-a-b-playoffs-ro32,https://owcdn.net/img/5f8e73ec18ba4.png
Wave Esports,SKADE,10,13,1y ago,A/B Playoffs-Round of 32,First Strike: Europe,/5597/wave-esports-vs-skade-first-strike-europe-a-b-playoffs-ro32,https://owcdn.net/img/5f8e73ec18ba4.png
Purple Cobras,Team Finest,13,4,1y ago,A/B Playoffs-Round of 32,First Strike: Europe,/5598/purple-cobras-vs-team-finest-first-strike-europe-a-b-playoffs-ro32,https://owcdn.net/img/5f8e73ec18ba4.png
Opportunists,eSuba,13,10,1y ago,A/B Playoffs-Round of 32,First Strike: Europe,/5599/opportunists-vs-esuba-first-strike-europe-a-b-playoffs-ro32,https://owcdn.net/img/5f8e73ec18ba4.png
SUMN FC,Valorando,13,8,1y ago,A/B Playoffs-Round of 32,First Strike: Europe,/5600/sumn-fc-vs-valorando-first-strike-europe-a-b-playoffs-ro32,https://owcdn.net/img/5f8e73ec18ba4.png
MJAOMODE,need more DM,13,15,1y ago,A/B Playoffs-Round of 32,First Strike: Europe,/5601/mjaomode-vs-need-more-dm-first-strike-europe-a-b-playoffs-ro32,https://owcdn.net/img/5f8e73ec18ba4.png
ex-Giants Gaming,L'institut,11,13,1y ago,A/B Playoffs-Round of 32,First Strike: Europe,/5602/giants-gaming-vs-linstitut-first-strike-europe-a-b-playoffs-ro32,https://owcdn.net/img/5f8e73ec18ba4.png
eXiLe eSports,Wizards Club,15,13,1y ago,A/B Playoffs-Round of 32,First Strike: Europe,/5603/exile-esports-vs-wizards-club-first-strike-europe-a-b-playoffs-ro32,https://owcdn.net/img/5f8e73ec18ba4.png
SKADE,-sheesh-,13,9,1y ago,Qualifier B-Round of 32,First Strike: Europe,/5398/skade-vs-sheesh-first-strike-europe-qualifier-b-ro32,https://owcdn.net/img/5f8e73ec18ba4.png
Guild Esports,N0thing To L0se,13,2,1y ago,Qualifier B-Round of 32,First Strike: Europe,/5390/guild-esports-vs-n0thing-to-l0se-first-strike-europe-qualifier-b-ro32,https://owcdn.net/img/5f8e73ec18ba4.png
Souldazz,eSuba,5,13,1y ago,Qualifier B-Round of 32,First Strike: Europe,/5391/souldazz-vs-esuba-first-strike-europe-qualifier-b-ro32,https://owcdn.net/img/5f8e73ec18ba4.png
Team Toxic,Wizards Club,10,13,1y ago,Qualifier B-Round of 32,First Strike: Europe,/5392/team-toxic-vs-wizards-club-first-strike-europe-qualifier-b-ro32,https://owcdn.net/img/5f8e73ec18ba4.png
L'institut,Constant rise,13,6,1y ago,Qualifier B-Round of 32,First Strike: Europe,/5393/linstitut-vs-constant-rise-first-strike-europe-qualifier-b-ro32,https://owcdn.net/img/5f8e73ec18ba4.png
HSDIRR,ex-Ravens Esports Club,13,2,1y ago,Qualifier B-Round of 32,First Strike: Europe,/5394/hsdirr-vs-ravens-esports-club-first-strike-europe-qualifier-b-ro32,https://owcdn.net/img/5f8e73ec18ba4.png
M4LIK,B7 Warriors,13,6,1y ago,Qualifier B-Round of 32,First Strike: Europe,/5395/m4lik-vs-b7-warriors-first-strike-europe-qualifier-b-ro32,https://owcdn.net/img/5f8e73ec18ba4.png
Arctic Gaming,Kamil Klein new chapter,10,13,1y ago,Qualifier B-Round of 32,First Strike: Europe,/5396/arctic-gaming-vs-kamil-klein-new-chapter-first-strike-europe-qualifier-b-ro32,https://owcdn.net/img/5f8e73ec18ba4.png
Lunaris,hREDS,13,9,1y ago,Qualifier B-Round of 32,First Strike: Europe,/5397/lunaris-vs-hreds-first-strike-europe-qualifier-b-ro32,https://owcdn.net/img/5f8e73ec18ba4.png
Valorando,Chakalaka,13,6,1y ago,Qualifier B-Round of 32,First Strike: Europe,/5399/valorando-vs-chakalaka-first-strike-europe-qualifier-b-ro32,https://owcdn.net/img/5f8e73ec18ba4.png
unsigned,BIG,12,14,1y ago,Qualifier B-Round of 32,First Strike: Europe,/5400/unsigned-vs-big-first-strike-europe-qualifier-b-ro32,https://owcdn.net/img/5f8e73ec18ba4.png
Team Finest,Entropiq Bravo,13,10,1y ago,Qualifier B-Round of 32,First Strike: Europe,/5401/finest-vs-entropiq-bravo-first-strike-europe-qualifier-b-ro32,https://owcdn.net/img/5f8e73ec18ba4.png
need more DM,BLOKES,13,5,1y ago,Qualifier B-Round of 32,First Strike: Europe,/5402/need-more-dm-vs-blokes-first-strike-europe-qualifier-b-ro32,https://owcdn.net/img/5f8e73ec18ba4.png
STR99,No Teeth,13,5,1y ago,Qualifier B-Round of 32,First Strike: Europe,/5403/str99-vs-no-teeth-first-strike-europe-qualifier-b-ro32,https://owcdn.net/img/5f8e73ec18ba4.png
Rix.GG,Wygers,13,6,1y ago,Qualifier B-Round of 32,First Strike: Europe,/5404/rix-gg-vs-wygers-first-strike-europe-qualifier-b-ro32,https://owcdn.net/img/5f8e73ec18ba4.png
Cool Guys,VASTA Gaming,4,13,1y ago,Qualifier B-Round of 32,First Strike: Europe,/5405/cool-guys-vs-vasta-gaming-first-strike-europe-qualifier-b-ro32,https://owcdn.net/img/5f8e73ec18ba4.png
Guild Esports,Creme brulee,13,4,1y ago,Qualifier B-Round of 64,First Strike: Europe,/5358/guild-esports-vs-creme-brulee-first-strike-europe-qualifier-b-ro64,https://owcdn.net/img/5f8e73ec18ba4.png
Souldazz,bTitans,13,4,1y ago,Qualifier B-Round of 64,First Strike: Europe,/5360/souldazz-vs-btitans-first-strike-europe-qualifier-b-ro64,https://owcdn.net/img/5f8e73ec18ba4.png
eSuba,DevilDucks,13,9,1y ago,Qualifier B-Round of 64,First Strike: Europe,/5361/esuba-vs-devilducks-first-strike-europe-qualifier-b-ro64,https://owcdn.net/img/5f8e73ec18ba4.png
Team Toxic,VDM,0,0,1y ago,Qualifier B-Round of 64,First Strike: Europe,/5362/team-toxic-vs-vdm-first-strike-europe-qualifier-b-ro64,https://owcdn.net/img/5f8e73ec18ba4.png
L'institut,1stCav eSport Club,13,1,1y ago,Qualifier B-Round of 64,First Strike: Europe,/5364/linstitut-vs-1stcav-esport-club-first-strike-europe-qualifier-b-ro64,https://owcdn.net/img/5f8e73ec18ba4.png
Constant rise,Allware,13,9,1y ago,Qualifier B-Round of 64,First Strike: Europe,/5365/constant-rise-vs-allware-first-strike-europe-qualifier-b-ro64,https://owcdn.net/img/5f8e73ec18ba4.png
HSDIRR,MRKN,13,8,1y ago,Qualifier B-Round of 64,First Strike: Europe,/5366/hsdirr-vs-mrkn-first-strike-europe-qualifier-b-ro64,https://owcdn.net/img/5f8e73ec18ba4.png
M4LIK,ALCYONE,13,6,1y ago,Qualifier B-Round of 64,First Strike: Europe,/5368/m4lik-vs-alcyone-first-strike-europe-qualifier-b-ro64,https://owcdn.net/img/5f8e73ec18ba4.png
Entropiq,Arctic Gaming,10,13,1y ago,Qualifier B-Round of 64,First Strike: Europe,/5370/entropiq-vs-arctic-gaming-first-strike-europe-qualifier-b-ro64,https://owcdn.net/img/5f8e73ec18ba4.png
Lunaris,InetGamer,13,7,1y ago,Qualifier B-Round of 64,First Strike: Europe,/5372/lunaris-vs-inetgamer-first-strike-europe-qualifier-b-ro64,https://owcdn.net/img/5f8e73ec18ba4.png
SKADE,Awake Esports,0,0,1y ago,Qualifier B-Round of 64,First Strike: Europe,/5374/skade-vs-awake-esports-first-strike-europe-qualifier-b-ro64,https://owcdn.net/img/5f8e73ec18ba4.png
NerdTown eSport,-sheesh-,12,14,1y ago,Qualifier B-Round of 64,First Strike: Europe,/5375/nerdtown-esport-vs-sheesh-first-strike-europe-qualifier-b-ro64,https://owcdn.net/img/5f8e73ec18ba4.png
Valorando,Adept esport,13,1,1y ago,Qualifier B-Round of 64,First Strike: Europe,/5376/valorando-vs-adept-esport-first-strike-europe-qualifier-b-ro64,https://owcdn.net/img/5f8e73ec18ba4.png
Chakalaka,Washington Muscle,13,8,1y ago,Qualifier B-Round of 64,First Strike: Europe,/5377/chakalaka-vs-washington-muscle-first-strike-europe-qualifier-b-ro64,https://owcdn.net/img/5f8e73ec18ba4.png
unsigned,Warthox Esport,13,7,1y ago,Qualifier B-Round of 64,First Strike: Europe,/5378/unsigned-vs-warthox-esport-first-strike-europe-qualifier-b-ro64,https://owcdn.net/img/5f8e73ec18ba4.png
BIG,GodLAN,13,2,1y ago,Qualifier B-Round of 64,First Strike: Europe,/5379/big-vs-godlan-first-strike-europe-qualifier-b-ro64,https://owcdn.net/img/5f8e73ec18ba4.png
Team Finest,Nice Cars,13,5,1y ago,Qualifier B-Round of 64,First Strike: Europe,/5380/finest-vs-nice-cars-first-strike-europe-qualifier-b-ro64,https://owcdn.net/img/5f8e73ec18ba4.png
Entropiq Bravo,AYB Esports,13,7,1y ago,Qualifier B-Round of 64,First Strike: Europe,/5381/entropiq-bravo-vs-ayb-esports-first-strike-europe-qualifier-b-ro64,https://owcdn.net/img/5f8e73ec18ba4.png
need more DM,UCAM Esports Club,13,4,1y ago,Qualifier B-Round of 64,First Strike: Europe,/5382/need-more-dm-vs-ucam-esports-club-first-strike-europe-qualifier-b-ro64,https://owcdn.net/img/5f8e73ec18ba4.png
NCBz Esport,No Teeth,7,13,1y ago,Qualifier B-Round of 64,First Strike: Europe,/5385/ncbz-esport-vs-no-teeth-first-strike-europe-qualifier-b-ro64,https://owcdn.net/img/5f8e73ec18ba4.png
Rix.GG,SPARX Esports,13,8,1y ago,Qualifier B-Round of 64,First Strike: Europe,/5386/rix-gg-vs-sparx-esports-first-strike-europe-qualifier-b-ro64,https://owcdn.net/img/5f8e73ec18ba4.png
Cool Guys,mens)),13,7,1y ago,Qualifier B-Round of 64,First Strike: Europe,/5388/cool-guys-vs-mens-first-strike-europe-qualifier-b-ro64,https://owcdn.net/img/5f8e73ec18ba4.png
Team Toxic,FARESHI,13,9,1y ago,Qualifier B-Round of 128,First Strike: Europe,/5302/team-toxic-vs-fareshi-it-first-strike-europe-qualifier-b-ro128,https://owcdn.net/img/5f8e73ec18ba4.png
Wizards Club,Akademus Esport,13,5,1y ago,Qualifier B-Round of 128,First Strike: Europe,/5304/wizards-club-vs-akademus-esport-first-strike-europe-qualifier-b-ro128,https://owcdn.net/img/5f8e73ec18ba4.png
1stCav eSport Club,Catalyst Esports,14,12,1y ago,Qualifier B-Round of 128,First Strike: Europe,/5307/1stcav-esport-club-vs-catalyst-esports-first-strike-europe-qualifier-b-ro128,https://owcdn.net/img/5f8e73ec18ba4.png
hREDS,Eternal Zen Gaming,13,10,1y ago,Qualifier B-Round of 128,First Strike: Europe,/5324/hreds-vs-eternal-zen-gaming-first-strike-europe-qualifier-b-ro128,https://owcdn.net/img/5f8e73ec18ba4.png
ROG Esport,Valorando,12,14,1y ago,Qualifier B-Round of 128,First Strike: Europe,/5330/rog-esport-vs-valorando-first-strike-europe-qualifier-b-ro128,https://owcdn.net/img/5f8e73ec18ba4.png
Washington Muscle,The Box by Infinity Area,13,0,1y ago,Qualifier B-Round of 128,First Strike: Europe,/5333/washington-muscle-vs-the-box-by-infinity-area-first-strike-europe-qualifier-b-ro128,https://owcdn.net/img/5f8e73ec18ba4.png
FeaFeaFea,NCBz Esport,11,13,1y ago,Qualifier B-Round of 128,First Strike: Europe,/5348/feafeafea-vs-ncbz-esport-first-strike-europe-qualifier-b-ro128,https://owcdn.net/img/5f8e73ec18ba4.png
Rix.GG,KHABHAT GAMING,13,4,1y ago,Qualifier B-Round of 128,First Strike: Europe,/5350/rix-gg-vs-khabhat-gaming-first-strike-europe-qualifier-b-ro128,https://owcdn.net/img/5f8e73ec18ba4.png
G2 Esports,N0thing To L0se,13,9,1y ago,Qualifier A-Round of 32,First Strike: Europe,/5071/g2-esports-vs-n0thing-to-l0se-first-strike-europe-qualifier-a-ro32,https://owcdn.net/img/5f8e73ec18ba4.png
need more DM,Prodigy,8,13,1y ago,Qualifier A-Round of 32,First Strike: Europe,/5072/need-more-dm-vs-prodigy-first-strike-europe-qualifier-a-ro32,https://owcdn.net/img/5f8e73ec18ba4.png
Opportunists,eSuba,13,5,1y ago,Qualifier A-Round of 32,First Strike: Europe,/5073/opportunists-vs-esuba-first-strike-europe-qualifier-a-ro32,https://owcdn.net/img/5f8e73ec18ba4.png
Ninjas in Pyjamas,Lunaris,13,10,1y ago,Qualifier A-Round of 32,First Strike: Europe,/5074/ninjas-in-pyjamas-vs-lunaris-first-strike-europe-qualifier-a-ro32,https://owcdn.net/img/5f8e73ec18ba4.png
MJAOMODE,ROG Esport,13,6,1y ago,Qualifier A-Round of 32,First Strike: Europe,/5075/mjaomode-vs-rog-esport-first-strike-europe-qualifier-a-ro32,https://owcdn.net/img/5f8e73ec18ba4.png
HSDIRR,Wave Esports,5,13,1y ago,Qualifier A-Round of 32,First Strike: Europe,/5076/hsdirr-vs-wave-esports-first-strike-europe-qualifier-a-ro32,https://owcdn.net/img/5f8e73ec18ba4.png
Team Liquid,Team Finest,13,11,1y ago,Qualifier A-Round of 32,First Strike: Europe,/5077/team-liquid-vs-finest-first-strike-europe-qualifier-a-ro32,https://owcdn.net/img/5f8e73ec18ba4.png
Team Queso,Team Toxic,13,8,1y ago,Qualifier A-Round of 32,First Strike: Europe,/5078/team-queso-vs-team-toxic-first-strike-europe-qualifier-a-ro32,https://owcdn.net/img/5f8e73ec18ba4.png
FunPlus Phoenix,Mik0nsDisciple,13,8,1y ago,Qualifier A-Round of 32,First Strike: Europe,/5079/funplus-phoenix-vs-mik0nsdisciple-first-strike-europe-qualifier-a-ro32,https://owcdn.net/img/5f8e73ec18ba4.png
Purple Cobras,mens)),15,13,1y ago,Qualifier A-Round of 32,First Strike: Europe,/5080/purple-cobras-vs-mens-first-strike-europe-qualifier-a-ro32,https://owcdn.net/img/5f8e73ec18ba4.png
nolpenki,Enterprise Esports,15,13,1y ago,Qualifier A-Round of 32,First Strike: Europe,/5081/nolpenki-vs-enterprise-esports-first-strike-europe-qualifier-a-ro32,https://owcdn.net/img/5f8e73ec18ba4.png
Team Heretics,L'institut,13,11,1y ago,Qualifier A-Round of 32,First Strike: Europe,/5082/team-heretics-vs-linstitut-first-strike-europe-qualifier-a-ro32,https://owcdn.net/img/5f8e73ec18ba4.png
SUMN FC,Entropiq Bravo,13,5,1y ago,Qualifier A-Round of 32,First Strike: Europe,/5083/sumn-fc-vs-entropiq-bravo-first-strike-europe-qualifier-a-ro32,https://owcdn.net/img/5f8e73ec18ba4.png
ex-Giants Gaming,Rix.GG,13,7,1y ago,Qualifier A-Round of 32,First Strike: Europe,/5084/giants-gaming-vs-rix-gg-first-strike-europe-qualifier-a-ro32,https://owcdn.net/img/5f8e73ec18ba4.png
eXiLe eSports,STR99,13,8,1y ago,Qualifier A-Round of 32,First Strike: Europe,/5085/exile-esports-vs-str99-first-strike-europe-qualifier-a-ro32,https://owcdn.net/img/5f8e73ec18ba4.png
SKADE,ISOL-BULIL,3,13,1y ago,Qualifier A-Round of 32,First Strike: Europe,/5086/skade-vs-isol-bulil-first-strike-europe-qualifier-a-ro32,https://owcdn.net/img/5f8e73ec18ba4.png
G2 Esports,InetGamer,13,5,1y ago,Qualifier A-Round of 64,First Strike: Europe,/5039/g2-esports-vs-inetgamer-first-strike-europe-qualifier-a-ro64,https://owcdn.net/img/5f8e73ec18ba4.png
Opportunists,Sprayz Gaming,13,1,1y ago,Qualifier A-Round of 64,First Strike: Europe,/5043/opportunists-vs-sprayz-gaming-first-strike-europe-qualifier-a-ro64,https://owcdn.net/img/5f8e73ec18ba4.png
eSuba,Eternal Zen Gaming,13,0,1y ago,Qualifier A-Round of 64,First Strike: Europe,/5044/esuba-vs-eternal-zen-gaming-first-strike-europe-qualifier-a-ro64,https://owcdn.net/img/5f8e73ec18ba4.png
MJAOMODE,ODCINKA V2,13,9,1y ago,Qualifier A-Round of 64,First Strike: Europe,/5047/mjaomode-vs-odcinka-v2-first-strike-europe-qualifier-a-ro64,https://owcdn.net/img/5f8e73ec18ba4.png
Team Toxic,Wizards Club,13,11,1y ago,Qualifier A-Round of 64,First Strike: Europe,/5054/team-toxic-vs-wizards-club-first-strike-europe-qualifier-a-ro64,https://owcdn.net/img/5f8e73ec18ba4.png
Enterprise Esports,Merge,13,4,1y ago,Qualifier A-Round of 64,First Strike: Europe,/5060/enterprise-esports-vs-merge-first-strike-europe-qualifier-a-ro64,https://owcdn.net/img/5f8e73ec18ba4.png
SUMN FC,Constant rise,13,3,1y ago,Qualifier A-Round of 64,First Strike: Europe,/5063/sumn-fc-vs-constant-rise-first-strike-europe-qualifier-a-ro64,https://owcdn.net/img/5f8e73ec18ba4.png
G2 Esports,PENTA,13,4,1y ago,Qualifier A-Round of 128,First Strike: Europe,/5087/g2-esports-vs-penta-first-strike-europe-qualifier-a-ro128,https://owcdn.net/img/5f8e73ec18ba4.png
InetGamer,Akademus Esport,13,6,1y ago,Qualifier A-Round of 128,First Strike: Europe,/5088/inetgamer-vs-akademus-esport-first-strike-europe-qualifier-a-ro128,https://owcdn.net/img/5f8e73ec18ba4.png
Chakalaka,Yendez,13,2,1y ago,Qualifier A-Round of 128,First Strike: Europe,/5102/chakalaka-vs-yendez-first-strike-europe-qualifier-a-ro128,https://owcdn.net/img/5f8e73ec18ba4.png
Guild Esports,MJAOMODE,17,19,1y ago,Qualifier A-Round of 128,First Strike: Europe,/5103/guild-esports-vs-mjaomode-first-strike-europe-qualifier-a-ro128,https://owcdn.net/img/5f8e73ec18ba4.png
SUMN FC,Digital Ninjas,13,0,1y ago,Qualifier A-Round of 128,First Strike: Europe,/5135/sumn-fc-vs-digital-ninjas-first-strike-europe-qualifier-a-ro128,https://owcdn.net/img/5f8e73ec18ba4.png
